{"cameraMode":{"drawMode":0,"name":"Shaded","section":"Shading Mode"},"sceneLighting":false,"audioPlay":false,"sceneViewState":{"showFog":true,"showMaterialUpdate":false,"showSkybox":false,"showFlares":true,"showImageEffects":true,"showParticleSystems":true},"in2DMode":false,"pivot":{"x":-0.9977754354476929,"y":0.6007951498031616,"z":-2.2351741790771485e-7},"rotation":{"x":-0.0969596728682518,"y":0.30425596237182619,"z":-0.03113936260342598,"w":-0.9471710324287415},"size":1.3072415590286255,"orthographic":false}